-- MySQL Administrator dump 1.4
--
-- ------------------------------------------------------
-- Server version	5.0.41-community-nt


/*!40101 SET @OLD_CHARACTER_SET_CLIENT=@@CHARACTER_SET_CLIENT */;
/*!40101 SET @OLD_CHARACTER_SET_RESULTS=@@CHARACTER_SET_RESULTS */;
/*!40101 SET @OLD_COLLATION_CONNECTION=@@COLLATION_CONNECTION */;
/*!40101 SET NAMES utf8 */;

/*!40014 SET @OLD_UNIQUE_CHECKS=@@UNIQUE_CHECKS, UNIQUE_CHECKS=0 */;
/*!40014 SET @OLD_FOREIGN_KEY_CHECKS=@@FOREIGN_KEY_CHECKS, FOREIGN_KEY_CHECKS=0 */;
/*!40101 SET @OLD_SQL_MODE=@@SQL_MODE, SQL_MODE='NO_AUTO_VALUE_ON_ZERO' */;


--
-- Create schema db_estate
--

CREATE DATABASE IF NOT EXISTS db_estate;
USE db_estate;

--
-- Definition of table `area`
--

DROP TABLE IF EXISTS `area`;
CREATE TABLE `area` (
  `area_id` int(10) unsigned NOT NULL auto_increment,
  `city_id` int(10) unsigned NOT NULL,
  `area_name` varchar(20) NOT NULL,
  PRIMARY KEY  (`area_id`),
  KEY `FK_area_city_id` (`city_id`),
  CONSTRAINT `FK_area_city_id` FOREIGN KEY (`city_id`) REFERENCES `city` (`city_id`)
) ENGINE=InnoDB DEFAULT CHARSET=latin1;

--
-- Dumping data for table `area`
--

/*!40000 ALTER TABLE `area` DISABLE KEYS */;
INSERT INTO `area` (`area_id`,`city_id`,`area_name`) VALUES 
 (1,1,'Uttara'),
 (2,1,'Housebuilding'),
 (3,1,'Khilhet'),
 (4,2,'Tongi');
/*!40000 ALTER TABLE `area` ENABLE KEYS */;


--
-- Definition of table `booking`
--

DROP TABLE IF EXISTS `booking`;
CREATE TABLE `booking` (
  `book_id` int(10) unsigned NOT NULL auto_increment,
  `user_id` int(10) unsigned NOT NULL,
  `pro_type_id` int(10) unsigned NOT NULL,
  `pay_method_id` int(10) unsigned NOT NULL,
  `pay_type_id` int(10) unsigned NOT NULL,
  `due_date` date NOT NULL,
  `due_amount` double NOT NULL,
  `date_paid` date NOT NULL,
  `amount_paid` double NOT NULL,
  `payment_status` varchar(20) NOT NULL,
  PRIMARY KEY  (`book_id`),
  KEY `FK_booking_user_id` (`user_id`),
  KEY `FK_booking_pro_type_id` (`pro_type_id`),
  KEY `FK_booking_pay_method_id` (`pay_method_id`),
  KEY `FK_booking_pay_type_id` (`pay_type_id`),
  CONSTRAINT `FK_booking_pay_method_id` FOREIGN KEY (`pay_method_id`) REFERENCES `payment_method` (`pay_method_id`),
  CONSTRAINT `FK_booking_pay_type_id` FOREIGN KEY (`pay_type_id`) REFERENCES `payment_type` (`pay_type_id`),
  CONSTRAINT `FK_booking_pro_type_id` FOREIGN KEY (`pro_type_id`) REFERENCES `pro_type` (`pro_type_id`),
  CONSTRAINT `FK_booking_user_id` FOREIGN KEY (`user_id`) REFERENCES `user` (`user_id`)
) ENGINE=InnoDB DEFAULT CHARSET=latin1;

--
-- Dumping data for table `booking`
--

/*!40000 ALTER TABLE `booking` DISABLE KEYS */;
INSERT INTO `booking` (`book_id`,`user_id`,`pro_type_id`,`pay_method_id`,`pay_type_id`,`due_date`,`due_amount`,`date_paid`,`amount_paid`,`payment_status`) VALUES 
 (1,2,2,1,1,'2012-02-10',1000000,'2012-02-10',1000000,'unpaid'),
 (2,5,3,2,2,'2012-02-11',100000,'2012-02-13',1000000,'unpaid'),
 (3,4,1,1,1,'2012-02-11',100000,'2012-02-10',1000,'Unpaid'),
 (4,5,2,1,2,'2012-02-11',1000000,'2012-02-10',1000000,'Paid');
/*!40000 ALTER TABLE `booking` ENABLE KEYS */;


--
-- Definition of table `city`
--

DROP TABLE IF EXISTS `city`;
CREATE TABLE `city` (
  `city_id` int(10) unsigned NOT NULL auto_increment,
  `city_name` varchar(20) NOT NULL,
  PRIMARY KEY  (`city_id`)
) ENGINE=InnoDB DEFAULT CHARSET=latin1;

--
-- Dumping data for table `city`
--

/*!40000 ALTER TABLE `city` DISABLE KEYS */;
INSERT INTO `city` (`city_id`,`city_name`) VALUES 
 (1,'Dhaka'),
 (2,'Gazipur'),
 (3,'Mymensingh');
/*!40000 ALTER TABLE `city` ENABLE KEYS */;


--
-- Definition of table `feedback`
--

DROP TABLE IF EXISTS `feedback`;
CREATE TABLE `feedback` (
  `feed_id` int(10) unsigned NOT NULL auto_increment,
  `user_id` int(10) unsigned NOT NULL,
  `feed_title` varchar(45) NOT NULL,
  `feed_des` varchar(90) NOT NULL,
  `feed_date` date NOT NULL,
  `inq_id` int(10) unsigned NOT NULL,
  PRIMARY KEY  (`feed_id`),
  KEY `FK_feedback_user_id` (`user_id`),
  KEY `FK_feedback_inq_id` (`inq_id`),
  CONSTRAINT `FK_feedback_inq_id` FOREIGN KEY (`inq_id`) REFERENCES `inquiry` (`inq_id`),
  CONSTRAINT `FK_feedback_user_id` FOREIGN KEY (`user_id`) REFERENCES `user` (`user_id`)
) ENGINE=InnoDB DEFAULT CHARSET=latin1;

--
-- Dumping data for table `feedback`
--

/*!40000 ALTER TABLE `feedback` DISABLE KEYS */;
INSERT INTO `feedback` (`feed_id`,`user_id`,`feed_title`,`feed_des`,`feed_date`,`inq_id`) VALUES 
 (1,2,'Price','The price is','2018-07-03',1),
 (2,2,'Price2','The price is.......','2018-07-09',2),
 (3,5,'Location','Nice! With two north faced field....','2018-07-03',3);
/*!40000 ALTER TABLE `feedback` ENABLE KEYS */;


--
-- Definition of table `inquiry`
--

DROP TABLE IF EXISTS `inquiry`;
CREATE TABLE `inquiry` (
  `inq_id` int(10) unsigned NOT NULL auto_increment,
  `user_id` int(10) unsigned NOT NULL,
  `inq_name` varchar(30) NOT NULL,
  `inq_title` varchar(30) NOT NULL,
  `inq_des` varchar(90) NOT NULL,
  `inq_contact` varchar(25) NOT NULL,
  `inq_email` varchar(30) character set latin1 collate latin1_bin NOT NULL,
  `inq_date` date NOT NULL,
  PRIMARY KEY  (`inq_id`),
  KEY `FK_inquiry_user_id` (`user_id`),
  CONSTRAINT `FK_inquiry_user_id` FOREIGN KEY (`user_id`) REFERENCES `user` (`user_id`)
) ENGINE=InnoDB DEFAULT CHARSET=latin1;

--
-- Dumping data for table `inquiry`
--

/*!40000 ALTER TABLE `inquiry` DISABLE KEYS */;
INSERT INTO `inquiry` (`inq_id`,`user_id`,`inq_name`,`inq_title`,`inq_des`,`inq_contact`,`inq_email`,`inq_date`) VALUES 
 (1,4,'Price','Price','Want to know the price...','Uttara, Dhaka',0x6A6B6C40676D61696C2E636F6D,'2018-06-30'),
 (2,4,'Price2','Price','Want to know the price...','Uttara, Dhaka',0x6A6B6C40676D61696C2E636F6D,'2018-07-01'),
 (3,4,'Location','Environment','What about the environment','Tongi, Dhaka',0x6B6840676D61696C2E636F6D,'2018-07-01'),
 (4,5,'Place','Commeunication','What about it\'s communication facility?','Gazipur, Dhaka',0x716140676D61696C2E636F6D,'2018-04-03');
/*!40000 ALTER TABLE `inquiry` ENABLE KEYS */;


--
-- Definition of table `payment_method`
--

DROP TABLE IF EXISTS `payment_method`;
CREATE TABLE `payment_method` (
  `pay_method_id` int(10) unsigned NOT NULL auto_increment,
  `pay_method` varchar(15) NOT NULL,
  PRIMARY KEY  (`pay_method_id`)
) ENGINE=InnoDB DEFAULT CHARSET=latin1;

--
-- Dumping data for table `payment_method`
--

/*!40000 ALTER TABLE `payment_method` DISABLE KEYS */;
INSERT INTO `payment_method` (`pay_method_id`,`pay_method`) VALUES 
 (1,'Cash'),
 (2,'CreditCard');
/*!40000 ALTER TABLE `payment_method` ENABLE KEYS */;


--
-- Definition of table `payment_type`
--

DROP TABLE IF EXISTS `payment_type`;
CREATE TABLE `payment_type` (
  `pay_type_id` int(10) unsigned NOT NULL auto_increment,
  `pay_type` varchar(15) NOT NULL,
  PRIMARY KEY  (`pay_type_id`)
) ENGINE=InnoDB DEFAULT CHARSET=latin1;

--
-- Dumping data for table `payment_type`
--

/*!40000 ALTER TABLE `payment_type` DISABLE KEYS */;
INSERT INTO `payment_type` (`pay_type_id`,`pay_type`) VALUES 
 (1,'Once'),
 (2,'Monthly'),
 (3,'Yearly');
/*!40000 ALTER TABLE `payment_type` ENABLE KEYS */;


--
-- Definition of table `pro_type`
--

DROP TABLE IF EXISTS `pro_type`;
CREATE TABLE `pro_type` (
  `pro_type_id` int(10) unsigned NOT NULL auto_increment,
  `pro_type` varchar(30) NOT NULL,
  PRIMARY KEY  USING BTREE (`pro_type_id`)
) ENGINE=InnoDB DEFAULT CHARSET=latin1;

--
-- Dumping data for table `pro_type`
--

/*!40000 ALTER TABLE `pro_type` DISABLE KEYS */;
INSERT INTO `pro_type` (`pro_type_id`,`pro_type`) VALUES 
 (1,'Flat'),
 (2,'Appertment'),
 (3,'Duplex');
/*!40000 ALTER TABLE `pro_type` ENABLE KEYS */;


--
-- Definition of table `property`
--

DROP TABLE IF EXISTS `property`;
CREATE TABLE `property` (
  `pro_id` int(10) unsigned NOT NULL auto_increment,
  `pro_type_id` int(10) unsigned NOT NULL,
  `city_id` int(10) unsigned NOT NULL,
  `area_id` int(10) unsigned NOT NULL,
  `pro_name` varchar(30) NOT NULL,
  `pro_address` varchar(45) NOT NULL,
  `sq_ft` int(10) unsigned zerofill NOT NULL,
  `price` double NOT NULL,
  `pro_status` int(10) unsigned NOT NULL,
  `pro_des` varchar(45) NOT NULL,
  `floor` int(10) unsigned NOT NULL,
  `image` blob NOT NULL,
  `quantity` int(10) unsigned NOT NULL,
  PRIMARY KEY  (`pro_id`),
  KEY `FK_property_pro_type_id` (`pro_type_id`),
  KEY `FK_property_city_id` (`city_id`),
  KEY `FK_property_area_id` (`area_id`),
  CONSTRAINT `FK_property_area_id` FOREIGN KEY (`area_id`) REFERENCES `area` (`area_id`),
  CONSTRAINT `FK_property_city_id` FOREIGN KEY (`city_id`) REFERENCES `city` (`city_id`),
  CONSTRAINT `FK_property_pro_type_id` FOREIGN KEY (`pro_type_id`) REFERENCES `pro_type` (`pro_type_id`)
) ENGINE=InnoDB DEFAULT CHARSET=latin1;

--
-- Dumping data for table `property`
--

/*!40000 ALTER TABLE `property` DISABLE KEYS */;
INSERT INTO `property` (`pro_id`,`pro_type_id`,`city_id`,`area_id`,`pro_name`,`pro_address`,`sq_ft`,`price`,`pro_status`,`pro_des`,`floor`,`image`,`quantity`) VALUES 
 (1,1,1,1,'Uchchhash','Uttara, Dhaka',0000002400,100000,0,'Two bedrooms with attached veranda....',4,0xFFD8FFE000104A46494600010100000100010000FFDB0084000906071312121513131315151517181A1718171717181D181818171B181717171817181D2820181A251D181A21312125292B2E2E2E1A1F3338332D37282D2E2B010A0A0A0E0D0E1B10101B2F251F262B2D2D2D2D2D2D2D2D2D2D2D352D2F2F2D2D2D2D2D2D2D2D2D2D2D2D2D2D2D2D2D2D2D2D2D2D2D2D2D2D2D2D2D2D2D2D2D2DFFC000110800C2010303012200021101031101FFC4001B00000105010100000000000000000000000500010304060207FFC40046100001020305030905050703030500000001021100032104123141510561910613227181A1C1D1F014324252B1236292E1F10715335372B2D24382A2162463445473C2C3FFC400190100030101010000000000000000000000010203000405FFC4002D110002020103040103040105000000000000010211031213213141516122043233427181F0B11491A1C1D1FFDA000C03010002110311003F00F6A9F34BDD4E27BA2BDA1484319B36EDE50487500EA38243E2604CCDACA0A94EC9135DD7906059209701CB54BF5479FED0F68B74F9BCE2D00CA0AE8A8AAEA5292C528A172752CFDD13C93D272FD57D4ECA54ADBE87AA5B2C84805C900BC4605C5738FD12C957732BADCB7E919EFD98DBE64C92B96ABA512CD14E6F3AC951043545497778B7B4D6429828B1183D3ADB3868CED6A3A3E9B22CF052E8699493EBD7AEE8632CEB8C6405B26D3ED563118E90E9B7CEA7DAAB3EE7F281AD1D3B1ECD6849C2198BB464BF79CF7FE29C09C347DF1D8DA73DBF8B93FBA376F8DAD0361F946A8831C905A33036A4FC79C183FBA3CF7C23B5AD15FB4180F8131B711BFD3BF2BFE7FF00021B4C933D03364FD4C150A387AECF5E43273AD934ACACA92541AB77C1E2D1DB13B3282C5BDDFCF0855349B293C6DC553E88D0DF3A7AF5FAE8DCE679FAF5E519FF00DF939FFD3356C0C2FDFB3B34CAC5BE2C690CB2226F04BD07CCC563DF4FA43F3A4603D7AF594004F282738E84AABFCDDB0E8DBD37F972AAF9AB2ECDD1B7220FF4F30F09A47D7D69C7CE39334B5D1EBD7AD2020E504CFE52307F795976438DBAB66E69383BDEAB7E1EE8DB9136C4FF00AC37CF134AF8F6D7D6F8ADB52695495FFB7FB840F5EDE39CA146C15AF5888ED7B66FA549E699D83DE06AE0E82B48129C6868619A927FF6823B1E7912C01A9FAE5EBBE86EAAD346F5E2FD7F58CF58B6A8969BA65A8D71BC9A13EB18B236E24FFA4B7D6F27C4C684E2A2AC3970CDCDB4165DA01D299B0F5EB2873353F28EA6813FBF118F36B735F872EDF5DF0E76D4AF92600457A20D38F77E6EDAE24F672780A73C977BA1B461EB3EADFABF3C9AD06EDD4FA7A681476CC9C1A6019F46BBB7C39DAF20E3CE000D3A0A77D30F5BA0EB8F906CCFC17CA659C5209C8F76BEB8B70B912481F66927ABD7AEB0F4A56D192455441C3DC55780F58614320DA167351303B60CAF2EBE277B9D4BC836E7E0B46C925C34B4EFE8A69DD1536925064928C12B03BB26CAB115BAD728864AD25C12EED746E3A9C37561D73E50973521686A115193500ECEF81369C5F23E25252568D0C85DE4A55A807887892076C9B5A0CA474860D5232A41078C9DAB27254E87850A1410197D8F390A4736B4850C0A555FAEFC22D5A3935659B8A5C64ECA6DC0AC1291B8110FB5B6632B9D96CFF10C8EA7CE1E57483A49CA9A1689DF690F3C719FB44565B0C9B0A1665282524BA9DCE14C49C7708CB5A2D866ACAEF280268016618375B469ADDB3B9D494A9CF81D4462AD72D5226142E9E2325089CA6BA762D830250F870D76F45C08FBEBFC5AC3735F7D7837BD14D36E482717CFB2213325DE0BBCB7C71A5726D20F00B98439B3F3AF06F7BF28570D7ED1786BD5BA2B1DA09DFC21276822B8E1A6F102E21BC84E526BF6932BBC7943292A2FF68BAEF19764553B451BF8470769A353C0C6B89AF2171415FCD5E2F8A71E10C6FF00F3578BFC3FE3148ED297A9E0612F68A03572D0F5F8C1F89B5642E02B1FEAAF17F871FC315E7CE9894B898AA54384E7D9101DA48D7B8C4368DA082087FAC6F8854B25F27761DA535458ACD30A273EC8BC274DFE61C08F7539F6400B14E09517D1A084BB7A30BC2171A4E3C94FA8938E4A897C4F9BFCCC9BDD1C62BDB36A4E40F7C1C07BA3D651C2AD88F98718156F9C0B317C7D77C69A8A8BA36094A5349FF80CD9369CE9809BC91503DDD075C5836B9C7E2462FEE1CB2F7B0817609A908150FD716C4F4EA38C3462A9589932C94DA5D0B42D93856F4B357F755FE50936E9C1AB2E8F92B3ED8AE268D443DF83A2223CD32C7B74EC3ECF023E2CFB617B7CED25E0D8AB8C562B87BF074441BF32C1B7CDF965E5F12B2EC873B5663FF0D3883EF1CBFDB8C56332235CE8DB683BF22E1DACB15E6C7BCFEFE47B2214F289881CD9CC514F8E0D481B6AB4B501A9C377AC223B149617DAAD41EB384714E5512AA7F0D73FE03DFBDCE7295EEB629C78E10A66DE4805D0BC07CB88FF00740C54D60E629AD0A980A98DC0407C812ECE752018770484865949F40EAB6FCB35BAAF781C0642B9EF8F47D837B9945E4A926A5958B124871950E1152C3C9AB3A04926582B949001DF89511812EE5CC1B878C68964C9AB8142850A1890C440D9F6632D7CE2703EF2609C3110B28EA43465A4890CA0E23CFF0097497B401F2A077927CA37972E1A7BA72D2317CA4977E74C2CF93F5002213E9ECB62E25E8CB225611CCC4FAFA41F165604B6341E3DD4ED8ACBB244996BB031443CB4E3D47B813050D92223292921C80F4A90371C7AE00D60A588818C145A10C7A49E2222F65DF02C6883D2824811CAC1249DF05916601C9EAE34EDA4465081901D7F998751607240BB91C940831ECA938088D7632328569A0A6079F25F0CCBD61596C8525CB600678E66B061364C291DFB2C17262B57C836EC57992F741A3658AF36CB5AC2D8D1E19482683AA1EEC1016587F6582DF2203EEC314411F65863658C107B4331821ECB0E6C91AC140E293A988D683BF8C14F6587F64829B3348176592664C00A99DEBA30782D33641CA71EFF0038E2CB6729503A4114A54B3752092015103448757011585752792DB48A160D84B9B3A5CB136F5F3BD8000924D72023D2F921B20C8B3F37310028ACA88A1D0034718011C7267614B42244EAF397093A1E72A5C6E058468E2E97721397642850A14313142850A31850A1470A9A0509009C1CE318C22A18462AD2029677AA98EAF9C5EE55EDA9B216C94A4A4A454853D5DC0230C229CB49E8F46EBD4EB861DF099116C69A5673365F0F4F1119517088E0A220D144CA4A93195E59CB5326E075014C332067B818DA293198E521E9B53215EA2723BE1B142E68139351665E759E69989A745492A51A7BC5DC6B888D81937401F46781D6792A2AF709450B8072718E19F7416B428241507A026BBABE10F922AD50D093A7666F6CED121465A0B0142A199CC0D00C202AB5312C875A52A389009EB358EA621813A07E11D0A34A913BBE46B25B172CBA4D3349C0FAD636321499B2C2C606BBF420FD3B23CEFF007B23E557779C6D791D3AFD994A0EC26101FA904E7BE239E2AAC6C72E68232A48789F998924A6B96197EB0A72C050056915CD83E82B1CDA6D1472E4F3DDAF6C9B2E6AC24ADAF16626958D0EC10A54ABCA24973EF1EA82369E4D4A5A8A8DE727767D913D9F672658BA0AB5A919BEEDD14938E954B9161AB53E4C65A6D13C2D404C5000D069DF1C0B5DA07FA8787E704F68C9BB31431AFD5BCC088D212FD2A243D7861C47186D2B80DB07AB695A003D3760F86F1BF7C564F28E7DCBF7830FBBBDB58396D4CAA84B310EF514A6BD902BD81D2DD12FBE988381AC5238E2D724F24A49D0D339413C22F3A716F746808FAC1EE4C5B264FBF7C8A3330D633DECDD1BA4A711986C00C1F741FE492D32CAEF2920101AA1B210B3C71D3C1A3393907F988EB988905AE57F311F8843FB649FE6CBFC69F3882815B28FB380FE51B2E496C3E6C4B9F79CAE5552D81590A7074660CD197976B9579EFCBC5FDE4EBD71E892F69483413A51DC169F0316C7125966EA8B089830CF4F1892327CA1E51F3133ECD32D6E906F153E04B80135D3BA34361B62572D0A2A4B94824050201201316A20E2D2B2DC28AF3ED92D01D4B007AD22593352B01492E0E06000EE1428518C28CDF297A4A08D401DAA2D1A30632DB5557AD000CE6247E1A9FA185914C5D5BF42DAFB3A55C6981D405D490C010F5E8B315574F280C9B14A0A14EE48C89C807837B76634A424B82544B0D0827EBEB38032D26F6356F5F5F58912EA342F4932ECD29D9B7E594706C92EF001F0398D47E758632CBB66C5FB9BE9FA611CDC2E46E1E3E5D5D9D1083DB3B166964B3AB2F89855F4F5C601DBB67A95315742EE8C2BB86A60B9492E1CF5659EA69DBDF888C925C039F80EDF1EDE9465C1AC864A1499374820B105CD43BF9C0DDAD2AEC95913145904D54BAB02CFD3C1E9C60B5AD4C8C721A6EEA1DD19FDB6B224CD738A5B3ABB27AF36D7285C2ADB65333A497A0748966EA70C065E461EDD2EECB517068E010E37634C62C4997415D1B37DF586DA129A5AFA8E3EA9EB08EFD0A8E4D52330A5A4FC32CB26AC940E9356A0362DDAACF08DAF24657FDAB8514BAD540D75C51C86007BAD5D3131E7D781F5D54F5F9C6F39325AC6822A0A94437F5283BB530FCCB344322541C6DD9A0449505079AAFF008F57CA5ABAC436AD9CA52D24CCCDDCDD7C8014436EAF7C57B3A940E0475BFA187EA3A2251315DAC71C72C5E9C776340249516D4ECB6B4CC76E731D6E9D29EE7AAF6757555BCA070D298E80450E715DB5D5F2D7B31DDBA2ED825AD609C6A3C717FD7584C89E91F13F9726676BCC0272C36634F9462F945452C335DCF44FD306ABC1ADADB0A7AE6AD4996E0B668C80D4EE8A63605A08AC93C51E062917F15FB092FB9FEE0F992D3702BE276218530230D47D0E395494E12414B9CB800FC0183D63D85680B493288014093D1C06E78D17B0AAA2EB6FA578E38035CEB53587592BA13946F9661029D2414B3B64FAD46BFA560CF25EE8985C0AA7BDF2FCB7339C7442C07029ED67D5F1C5F3071CDF374D84827A3962DEB2386E6768CE76A981469DA1F9C4856576E838EF2E5DDB41E394765697043B317AA86631D3A8EFC28223365378744E06B5C7A2D5CBD7639B2104509C8103D361BFC2138199C4D526F3D48ABD4EED4D33C7B5846E1371410A671777E601F0CE30B36CA4285147A92743C3B78E51B0B001CDCA7507BA1EB51D122A3573FA610F1132763BB7ECCB3CD29BD2C2802712AD2B9EECF487B649B3A6EA8CB41AE0C34D30D31A441B42DA996C91D2538C3019548CDB4EC29C206CE49C4926A9CF0A8D30ECA0C9AA4B094CE76C2506E942129671D148193B12CE4D053D13BC9898F200D091E3E319CB54921B471E55D31C30EDC4CF23D7D15A7420F10DE108DFCCB2E71BFDCD0C2850A1889E209E514C4A5210A5A2EB8749F789248A68D1348E584E0AE9282FFA86275D707D328BA9D8E9724D41032C8125BAD8B718196DE4E2883759FDECEBBAA2989E03582F327D41B128F461EB272AD0BF7D37727771AE0CF049466AD215252140E05944119D427168C5ED4D9051744B228917AF28024BBD1E8461C239D992A6A1578CD427517925F7100F8C4E5A1F2995C7B8B86ACDC85AD3EF215DA14DF486E7D5F29E07CA20936F941291CF4B0D88271D006C38C569B6F9579F9C47C47DE1BDB38492A5D4BC69BAA0889C7E427B0F943F38AC39B3C0F940BF6D954FB445127E219C31B6CA6FE223DDF9867DB12D4536D058A95FCAEE3FE31C4C4BE325FAD27C5303556D955FB447BA07BC373C255B2574BED118003A4376F8DA83A132F1963FF6FF00F01E51C4C96821956771BD01BBC453996F95D3FB44609F886E8228DAD67643CE4062EA17874860C7B1F8C3C1B93AB27916957560F361B38FFD1CAAFF00E1975FF8C4D284B48094C80121D92129003E2C3018C713769C9BDFC547C5F10CDE2346D1934FB445125EA31AC4DCDDD59458D55D16AFA1DF99AFF4884A5A31E68BF50C38C533B6240C66A0740E7ABC30DAF2329A93D16A6BA40D6C3B71F05B55D35E68BB699718BFB3542E9012535CF37018F74071B6247F307B8D9E3C2286D8DAD2CCA573737A6C96BA540E22F773C6D746DA4F8A3620C33C79CD8F6B2C0E92D67AD5871343167F7E1F995C7F3865953272C4D3A5C9BE78678C2FEFB3F32B8C3FEFC57CEBEF86D685D12F06F6CEB6502EDBFB23844CE810540B9040BC09CDE8EF9C61C6DE57CEAEF8E86DF57CEAEF865912E09BC6DBBA3690A317FF00502BE73C211E50ABF99DDF9405241A7E0D9931CBC63D3CA259A05F70F28E17CA39A2895027A87A30FA92028B7C2364B5000938441ED92FE74C666CFB4AD0AF7E650E5751875B5227B2C852D41281789A002193B127F10F4CB4A1A8B4F55E020AF262D4B2B526EA599DC2DF3FE9DF10ECAE48E0A9E7FD893F5579718D4D9ECE9426EA12120640343509AAC961428504003B06C699254A2272969249B8A6A3D687F41BA0B4B56B8C29D69423DE501D66213B424FF313C627282BB0AE94607977D2B49A7BA948CB427C6327350DE879C6D794694AE62D6082F810527203AF28CADA922ADBF4EAD23964BE4CEF84928A052C6E1969E711287A6FCE2D4C1EA91094FE7879465161D6883B3D718723D7A312737EA90DCD6EFA41A66D67046EF5C61AE9F5FAC49CD7A610E64EEEE102987590807E991F38EABE81F3892E5701DDDD084ADDA642038B0EA447E9EBE7088FD2B5EF8979BDDDC3CE1EE6ED721E70AE2C2A681B6C4D57B903EA7589ECA9AAB1C46BF28D238B6A0BCC61F025BF118B363455747E90D3E44C51A75FDF44D495920475F574B8C2E6BAF3AD62E59ACCEE68123E237456A425C9C4B34732995831C430FD7D3C2687563EE2BA2B897D79D2B5EE8732CFAFD22F2657EACAA77C4DCCF5FF00CAB481A5875205993D5DDE50DCCFAA41612B71FF009529D51D093E199AE3BA36966D407123D53BA1091EA906049F0A3D7E90FECFBC3F586FA41D22B901FD98E9DC3CE10B29D29D5F9C191661D95F95F18EBD986E7AB7BB05203606F62DC73F58C16D85B2DC901254AA3302FBE261661EAEE9946BB90419530362949CB2EAEB8B6356F92392551E06D9DC8D70F34DCD129A9ED380833B3B9372E4AC2C29448C0500ED61583710DAAD489492B98A4A12312A200EF8E84976392C9A140ED8FB6655A52F2D41C3BA5C5E152012064608C3355C330A1428500C0CDA1B165CD515170A3BE94DD012D9C983F0A8F078D3582D699D2D33105D2A008F23BC611D5B275C42D6704A4AB80261250B1E391A3C70CC59C8634C6B8B78429B2FA2E5DAB56DD4C30C44145CA640A170134A3D589343A27EB043947B284A448291754C905B1241402497A827D560CA090F09BEECC94894918289C32D4FE9125E1AF71DDE620DCBD969E912E18FDDC05DC6BA255C2035B5065D4A4B001DD9C1A3835D130928AEACAC6497099C73C35EEDE18F02F1C8B40D7BB00C0FD4B4700176218F665740CF5114276C852A62F9C5128C12904066CCEFE8B40508B0EE3ECD97A46D24ADEEA81660685AAD81CF1EEDF13FB48D7B8EA07D0BC67B68ACD982528ED7625CB1AB45256DB584834ABE5BA0BC71EC8DB8FBB66CA5CF49153DC61F9E46FE118D57282606C2A74D4FE7122B6D4CFBBC215C22BB0F19B7D1B356BB5CB1AF0FCA28CEDB680404A4A83804D332134D718CDDAB6B2CA48E8F08B1B2495A49207F12501FEE989A77418E28B172649478B3549B523E5570108DA91F2AB808BD2EC822CD9F67A4A83871A66775358E5D2CB6B28D88CC524A9166510A49092B2800B5462ABC01219DB37C2B03ED7395250E6414D59894B3E8E09F42356AB6A06A1B2BA72CB08ADB4972A6CB5214A0011C0E46BBE29DABB13E2F573661E76DE0165C31C18547170F0DFF0053815BA5B5A756B02D164750254B4D6AC4B0EA4B81D91CAEC87E750ED1E717D3120E53EE191CAA9799577438E5449D57D597D601FB31C2F93F863B1B3B561D6997E298D5107C8D0A795121BE3CAB5F38911CA8B366A99DF8F18CF7B07DF4E980D5FE14EE8EC6CA7720CB61DCF80A8DF1B4C4D72EC69472B2CDF32DF2E8C7639536638297BFA23C632DFBB0FC2B97D81034FBA351C610D9D33571B803F411B4401AA66D6C3B664CD58424AEF68523B5E91B0E474E4FB44C96EEA12DCF14E14AE3DF1E4B6652D17B0248FBCFD8CDDF1E8FFB3FD9D3136813D6D7572985492E424E7D461D452E82B94BB9E8C0C52DB3250B94B42CA4052487510C0E46BBDA2E3308C96D8B685E2A1B922A40DE04672A1630D5D49F91A94210A52CA1336628BA6F070126EA478F688D3BC79D1988F9BB8C6A3935B41531D24DE0914569F749D60EBD4F91A58E315C30EC287850499E3365DB13502EA262D2344A880FAB031617B626A81499AB293420AC9041C8826A2280B1AB51C23B1635EA381896FF00A3A7663E49CDA09CC9EB27D671D4DB74C57BCB516C1D44F07883D8D7A8EF85EC93354F7C6DFF0041DA8F92636957CC78984673E35F5BE2316299A8EFF38E859266A9E07CE06F7A0ED2F235E18B0787E721C59266A9E07CE1FD8E6EA9E07CE06EFA0A82F27130A55EF2527AC0897DA8E75EBAFD61BD926EA9E07CE3A36299F32781F381BCFC07447C9C2E68352841FF00688E014FC88FC29F2898D8667CC9E07CE1C58667CC9E07CE03C8FC0CA31F257211FCB47E11DD48ED2A48C12915068062303D7130B0AF54F03E70E2C2BD53C0F9C0DC7E0D51F2322D5BE3B36D1BDA1FD8266A9E07CE3A1B3A6B3D1B5BA5BEB02DBEC15A577172939412E44AE7120294B242127BC9CD878889AC16F976991CE2330CA4E6956693EAA2311CBC96533248247B87FB8C4BC90B4DCB2DB0B9C1203620A82920F168AB82D16736B7AE8A2A3D5EBB23833075F77AFCC476318EEE7A6113DC459C1F622E70F50D07E9D90E554A0F5C22512FAB84232CFDDFC3F9C3ACB142BC5264230CFD767A6313483D1982B50295EBFA434B7BCC424F449C08AB8DF16520310C30F5F5812C880B132A5E7D7BDB389A5E46BDFBB7750E312840F9477F9C7684A7E51DFE70DBB117698C2651B1EB7FAB757E211E8BC96DA2A4A251BA14006614560D828B1A107119E91E7C840D077F9C14B16D59B2824214004971414A8567BC3FEB0CB2440F148F60B35BD0BA02CAF9541954C68711BC3888ED7614A82CE641E2CDE11E62BE524F218DC23FA4528050E580E02351C90E502E62662662AF14DD5241C6E937555C480E31782E5162EDC97201DB5CA197679A89643BD5647C00E14CCE6DA7645DB6ED69B2424C898005B92C1241C18D41D7BE309CB79776D8BDE127B824F78835B00199659542AB85692C7EF38EC682D28C54831F94B4B0D8E56DB3E74FE04F943452F66FB8BE23CE1A137516DB5E8AB22DA9343D13DDC62F0802209ECE9CE920E5F4CA39633BE0BE5C4A3CA2E98AABB7A45122F6FC071CFB220B7DA0937461F16FDDD5158409E4A7487C582F9916A55A94145443BB387660306E278C10B35A12BC287438FE701818742C8208C4610B1C8CA64C116B83411C4E9E9407516D353B808E113C5DBD933F9C079938AD578E390D06822B39E9473E2C5ADF25BB45B8A81484DD04339356CE830EB78EA45BCA400A4B814706BDA3F3EC8A40C315C4371D9D4F042AA83F2E6850705C18E6D568084956901EC568BAA6C8FD75F08876BDB0B7409259C871519E3DF16793E3679FF50B6DD04E4ED642B0C41623B5B1C0FE7119B7152810DD1245DDF8173D51985CD2935A926F509A38A24A75CBA9A25936DB979412482CF46F45B5AC41CE7E4961CD52F9728D8D9EDE0D08BA7883DBE6045E13884DDC8FAF08CC4A9D78039182DB3E7DE174E23E917C595DD1D99B0474A947A18FFDA40FB595FF00C67FB8C71C8E0F66B6BFC831DC9985F8B42FDA52BED657F41FEE311F2297F616D1FF008D3F49B1D6FF0019C0BF2150189C4574C59063899DE8E84742398456066D19233393EF8DE0F845849DED4F28AAA574D3519E75C0F944D7DB31EB186601C2B289931025435112056F8DC809D31D1884130E551901A2CCB31A0E47C94AA72DDDD3294A4F58297EE8CC226341FE465A3FEE929F9D2B4714123BC0874C56B8603FDA3CB6B4A55F323E8A57811053F67731E4CC4E931F8A479456FDA74BE94957F583FF00023C623FD9BCCACE4FF42BFB81F08E9EB8CE45C4CDC8021433C344ACAD184062FECC3557678C0D78216253214AEBEE11C715F23D2CDF695EF3B9D493C61EF45654D094B9C840791B5CDFAE04F019468E273B68193EA2389A8B0FDF87BF1005BC385425160A4C98D206F6EF2FF48A97A3BB5A9A5A0757F698AC26087C9D49E07C37ED935F8E4AA22E70470A9913A2D64A85F4875C01B5DAEF29D3D2249C5DEEA717030D69C60D482EB1D703F6D4806612D82413BEAAA76BC5608F3BEB21A9A7E01D69DA04B06296766738E4D91A47762B410BE9354F63BD73EAEF88976904B005817028F875778DD124F9E13289C0B3270C7221BAE1DAE8A8E5C495F8668E4CD829B32674FB0F8462ECB6C52A64B0E5EEBA875D18F718D5ECB574C751F089A8E9923D2DC53C7233DFB4857DB4AFE83FDDFA43721CFD9DB37CB4FF00FA437ED18FDACAFE83FDD11F2257D0B5D69CD0FF00EDE71E8BFC6796BF21108B498AA2274C711DC4861969704477293896C03F781E24F644F3240014436EAD431193BE6DD9BE26E6A2E8A28B6AC1EB1D349DE7E862651A718E523A69043D77F1A44ABF70D2AF8F583E50CE5CD0A97163317891E159EB8E18D5F0ECC498ED680061902FBC9C34E03280E74E82A16AC8CAE173913F362F35DA15206268142B9BC56942BAD09EB6048EF10239135669429D0E66414E4CCFBB6B905DBED123B146EF8C5112D34A6395716C98D3235D7744122614A92A188208EC38C153BB34A15C7934DFB4B9079841CD33003DA140F78119DFD9D4D6B4AD3ACB3DCA49F38D3F2D6699B6653D697C921BA5534386A630FC8F9F72D92BEF129E20B476E29A9C1A470658384D367AB930A3878685A1CC2BC5B5ADA41DFE25A05899166D937ECD2352070AF8472C1753BF2BE8BD8236CDA72AD2AD0104C24DE0FDBC62E6D860ACE2B6CEB22A600F83D4EB1D70A8C0F2F2C67932B5DECD16CA9AF2D3D516D4A8A924048006023BBF51D6238DD367AF1F8C127E0B3B7EDC10119E34E119E99B5D6F8B42E51ABED1F54F9881816E3D651D6B1A7C9E3CB2E4BD29D2085A768AEEB5E3BCE712ECEB7D58A897D728143078B3B3D151EAB1A708E9298A53D699A9B34CE90887682BED15FD206ECE39B34CE903EB03115A94EB5767D047325513B5C94E5FC02D366178800D2AFBE39DA12DA580722384112620B5A1D2DDBF587527A9593D88C612AF62D920296564641B71DD1A7D9533A7D87C233DB3C04A7B7E9482BB3ED002DC9A31FA88597331E1F0C3C943977295327484A43950501C477452E4C82116B49A284B008D194417EA8376DE9DAD047C12C87DEA397603C609EC7D92954E2D43345C2779FCE3BBF4D1E7FEAB014CD9A528BEE3005BAEEEEFBFDD13CBD9EABA14E2A9BDDC4F846AD7C8EB62A514144B1D148079C195C77176BEEEB9C54B6EC4B5489602A5A08019C2DF2507C3EF77445460DF2535CA8042C2A19870FAE57BFC4C3AAC2AA9BC33ED6BDFE3DF170AE6D7A29ABE7FD5BBEF425F3C7E1467F16B7FFCFBA1F6B1F81777279FF00DB6ECF294DEBC3A246B92C27C63B4D8C945E7A33F0BDFE262E5A91396929294877CF5215E10A5C89B72EDDC887BC33BFF00E5DD01E28DF41B7655CBE4A966B2AAE8214D4C1CBD1C353ABBE24F6239A863BF56F2E313D952B48019C027E21F30FF0013C626969586E89CBE34E573FC3BE0AC30EEB903CD93B307AACEA157776C1F3BBBBEF0E1104D4949F755D6029B07A53D3182BD301AE1D3119003C0425295F21CC629C3A607F77741DAC7E05DEC9E40866AB0BB31CFDD56FC4B36463A9D2D490EA49032346CE9438D0C1D0B25FECD471F8939DFFF003EE882DA8706F4A50738DE1ABE3DAA81B5036F64094F9DCF6CD59CC217C5209F08F3CD9AB299D25641039C4D5A85942F57A88E31E8FB3A41F6532D4C1D2527023A40A5E9EAB15AD5B1659B32640A1407428E2162B78EAE71EB8D8DD2A0CF97C1A07851D49B526E875105B06851B4FB36B7E0F3689EDBF0F5F8187851CB1E8CEF97DD106DBD20B3C2D99FC31D67EB0A143BFC6845F99969E12311D70A144D1797460CDAFEF1ECF18169C61428EB8F43CD9FDDFEC76318BD64351D63EB0A144E7D0B63E8C2720D7B7C21A662AEB1F4850A27FA44C1F77F7D1C1C210850A15F53A97DAFF9229069C7EB166C67A7D90A143AFB99CF93F020ADB3197FD09FAC5ABC40A16850A3B5F538E3D0D558D4758BAA984E24E79C34286621D26CE86F713C047332CE8F953C04342820191253F28E021932C0C87087850B20AEA4A6424D4A524EF0226459D0FEE2780850A0A33E8589367437BA9E023B5CA4D3A2380850A1BB0A772E525B01C2239F25247BA380850A33E80EE00E562009058014387518F3ED8D69595315A8F593A8850A2532D1E86B52690A14289143FFD9,1),
 (2,1,1,1,'Prottasha','Uttara, Dhaka',0000002400,100000,0,'Two bedrooms with attached veranda....',4,0xFFD8FFE000104A46494600010100000100010000FFDB0084000906071312121513131315151517181A1718171717181D181818171B181717171817181D2820181A251D181A21312125292B2E2E2E1A1F3338332D37282D2E2B010A0A0A0E0D0E1B10101B2F251F262B2D2D2D2D2D2D2D2D2D2D2D352D2F2F2D2D2D2D2D2D2D2D2D2D2D2D2D2D2D2D2D2D2D2D2D2D2D2D2D2D2D2D2D2D2D2D2D2DFFC000110800C2010303012200021101031101FFC4001B00000105010100000000000000000000000500010304060207FFC40046100001020305030905050703030500000001021100032104123141510561910613227181A1C1D1F014324252B1236292E1F10715335372B2D24382A2162463445473C2C3FFC400190100030101010000000000000000000000010203000405FFC4002D110002020103040103040105000000000000010211031213213141516122043233427181F0B11491A1C1D1FFDA000C03010002110311003F00F6A9F34BDD4E27BA2BDA1484319B36EDE50487500EA38243E2604CCDACA0A94EC9135DD7906059209701CB54BF5479FED0F68B74F9BCE2D00CA0AE8A8AAEA5292C528A172752CFDD13C93D272FD57D4ECA54ADBE87AA5B2C84805C900BC4605C5738FD12C957732BADCB7E919EFD98DBE64C92B96ABA512CD14E6F3AC951043545497778B7B4D6429828B1183D3ADB3868CED6A3A3E9B22CF052E8699493EBD7AEE8632CEB8C6405B26D3ED563118E90E9B7CEA7DAAB3EE7F281AD1D3B1ECD6849C2198BB464BF79CF7FE29C09C347DF1D8DA73DBF8B93FBA376F8DAD0361F946A8831C905A33036A4FC79C183FBA3CF7C23B5AD15FB4180F8131B711BFD3BF2BFE7FF00021B4C933D03364FD4C150A387AECF5E43273AD934ACACA92541AB77C1E2D1DB13B3282C5BDDFCF0855349B293C6DC553E88D0DF3A7AF5FAE8DCE679FAF5E519FF00DF939FFD3356C0C2FDFB3B34CAC5BE2C690CB2226F04BD07CCC563DF4FA43F3A4603D7AF594004F282738E84AABFCDDB0E8DBD37F972AAF9AB2ECDD1B7220FF4F30F09A47D7D69C7CE39334B5D1EBD7AD2020E504CFE52307F795976438DBAB66E69383BDEAB7E1EE8DB9136C4FF00AC37CF134AF8F6D7D6F8ADB52695495FFB7FB840F5EDE39CA146C15AF5888ED7B66FA549E699D83DE06AE0E82B48129C6868619A927FF6823B1E7912C01A9FAE5EBBE86EAAD346F5E2FD7F58CF58B6A8969BA65A8D71BC9A13EB18B236E24FFA4B7D6F27C4C684E2A2AC3970CDCDB4165DA01D299B0F5EB2873353F28EA6813FBF118F36B735F872EDF5DF0E76D4AF92600457A20D38F77E6EDAE24F672780A73C977BA1B461EB3EADFABF3C9AD06EDD4FA7A681476CC9C1A6019F46BBB7C39DAF20E3CE000D3A0A77D30F5BA0EB8F906CCFC17CA659C5209C8F76BEB8B70B912481F66927ABD7AEB0F4A56D192455441C3DC55780F58614320DA167351303B60CAF2EBE277B9D4BC836E7E0B46C925C34B4EFE8A69DD1536925064928C12B03BB26CAB115BAD728864AD25C12EED746E3A9C37561D73E50973521686A115193500ECEF81369C5F23E25252568D0C85DE4A55A807887892076C9B5A0CA474860D5232A41078C9DAB27254E87850A1410197D8F390A4736B4850C0A555FAEFC22D5A3935659B8A5C64ECA6DC0AC1291B8110FB5B6632B9D96CFF10C8EA7CE1E57483A49CA9A1689DF690F3C719FB44565B0C9B0A1665282524BA9DCE14C49C7708CB5A2D866ACAEF280268016618375B469ADDB3B9D494A9CF81D4462AD72D5226142E9E2325089CA6BA762D830250F870D76F45C08FBEBFC5AC3735F7D7837BD14D36E482717CFB2213325DE0BBCB7C71A5726D20F00B98439B3F3AF06F7BF28570D7ED1786BD5BA2B1DA09DFC21276822B8E1A6F102E21BC84E526BF6932BBC7943292A2FF68BAEF19764553B451BF8470769A353C0C6B89AF2171415FCD5E2F8A71E10C6FF00F3578BFC3FE3148ED297A9E0612F68A03572D0F5F8C1F89B5642E02B1FEAAF17F871FC315E7CE9894B898AA54384E7D9101DA48D7B8C4368DA082087FAC6F8854B25F27761DA535458ACD30A273EC8BC274DFE61C08F7539F6400B14E09517D1A084BB7A30BC2171A4E3C94FA8938E4A897C4F9BFCCC9BDD1C62BDB36A4E40F7C1C07BA3D651C2AD88F98718156F9C0B317C7D77C69A8A8BA36094A5349FF80CD9369CE9809BC91503DDD075C5836B9C7E2462FEE1CB2F7B0817609A908150FD716C4F4EA38C3462A9589932C94DA5D0B42D93856F4B357F755FE50936E9C1AB2E8F92B3ED8AE268D443DF83A2223CD32C7B74EC3ECF023E2CFB617B7CED25E0D8AB8C562B87BF074441BF32C1B7CDF965E5F12B2EC873B5663FF0D3883EF1CBFDB8C56332235CE8DB683BF22E1DACB15E6C7BCFEFE47B2214F289881CD9CC514F8E0D481B6AB4B501A9C377AC223B149617DAAD41EB384714E5512AA7F0D73FE03DFBDCE7295EEB629C78E10A66DE4805D0BC07CB88FF00740C54D60E629AD0A980A98DC0407C812ECE752018770484865949F40EAB6FCB35BAAF781C0642B9EF8F47D837B9945E4A926A5958B124871950E1152C3C9AB3A04926582B949001DF89511812EE5CC1B878C68964C9AB8142850A1890C440D9F6632D7CE2703EF2609C3110B28EA43465A4890CA0E23CFF0097497B401F2A077927CA37972E1A7BA72D2317CA4977E74C2CF93F5002213E9ECB62E25E8CB225611CCC4FAFA41F165604B6341E3DD4ED8ACBB244996BB031443CB4E3D47B813050D92223292921C80F4A90371C7AE00D60A588818C145A10C7A49E2222F65DF02C6883D2824811CAC1249DF05916601C9EAE34EDA4465081901D7F998751607240BB91C940831ECA938088D7632328569A0A6079F25F0CCBD61596C8525CB600678E66B061364C291DFB2C17262B57C836EC57992F741A3658AF36CB5AC2D8D1E19482683AA1EEC1016587F6582DF2203EEC314411F65863658C107B4331821ECB0E6C91AC140E293A988D683BF8C14F6587F64829B3348176592664C00A99DEBA30782D33641CA71EFF0038E2CB6729503A4114A54B3752092015103448757011585752792DB48A160D84B9B3A5CB136F5F3BD8000924D72023D2F921B20C8B3F37310028ACA88A1D0034718011C7267614B42244EAF397093A1E72A5C6E058468E2E97721397642850A14313142850A31850A1470A9A0509009C1CE318C22A18462AD2029677AA98EAF9C5EE55EDA9B216C94A4A4A454853D5DC0230C229CB49E8F46EBD4EB861DF099116C69A5673365F0F4F1119517088E0A220D144CA4A93195E59CB5326E075014C332067B818DA293198E521E9B53215EA2723BE1B142E68139351665E759E69989A745492A51A7BC5DC6B888D81937401F46781D6792A2AF709450B8072718E19F7416B428241507A026BBABE10F922AD50D093A7666F6CED121465A0B0142A199CC0D00C202AB5312C875A52A389009EB358EA621813A07E11D0A34A913BBE46B25B172CBA4D3349C0FAD636321499B2C2C606BBF420FD3B23CEFF007B23E557779C6D791D3AFD994A0EC26101FA904E7BE239E2AAC6C72E68232A48789F998924A6B96197EB0A72C050056915CD83E82B1CDA6D1472E4F3DDAF6C9B2E6AC24ADAF16626958D0EC10A54ABCA24973EF1EA82369E4D4A5A8A8DE727767D913D9F672658BA0AB5A919BEEDD14938E954B9161AB53E4C65A6D13C2D404C5000D069DF1C0B5DA07FA8787E704F68C9BB31431AFD5BCC088D212FD2A243D7861C47186D2B80DB07AB695A003D3760F86F1BF7C564F28E7DCBF7830FBBBDB58396D4CAA84B310EF514A6BD902BD81D2DD12FBE988381AC5238E2D724F24A49D0D339413C22F3A716F746808FAC1EE4C5B264FBF7C8A3330D633DECDD1BA4A711986C00C1F741FE492D32CAEF2920101AA1B210B3C71D3C1A3393907F988EB988905AE57F311F8843FB649FE6CBFC69F3882815B28FB380FE51B2E496C3E6C4B9F79CAE5552D81590A7074660CD197976B9579EFCBC5FDE4EBD71E892F69483413A51DC169F0316C7125966EA8B089830CF4F1892327CA1E51F3133ECD32D6E906F153E04B80135D3BA34361B62572D0A2A4B94824050201201316A20E2D2B2DC28AF3ED92D01D4B007AD22593352B01492E0E06000EE1428518C28CDF297A4A08D401DAA2D1A30632DB5557AD000CE6247E1A9FA185914C5D5BF42DAFB3A55C6981D405D490C010F5E8B315574F280C9B14A0A14EE48C89C807837B76634A424B82544B0D0827EBEB38032D26F6356F5F5F58912EA342F4932ECD29D9B7E594706C92EF001F0398D47E758632CBB66C5FB9BE9FA611CDC2E46E1E3E5D5D9D1083DB3B166964B3AB2F89855F4F5C601DBB67A95315742EE8C2BB86A60B9492E1CF5659EA69DBDF888C925C039F80EDF1EDE9465C1AC864A1499374820B105CD43BF9C0DDAD2AEC95913145904D54BAB02CFD3C1E9C60B5AD4C8C721A6EEA1DD19FDB6B224CD738A5B3ABB27AF36D7285C2ADB65333A497A0748966EA70C065E461EDD2EECB517068E010E37634C62C4997415D1B37DF586DA129A5AFA8E3EA9EB08EFD0A8E4D52330A5A4FC32CB26AC940E9356A0362DDAACF08DAF24657FDAB8514BAD540D75C51C86007BAD5D3131E7D781F5D54F5F9C6F39325AC6822A0A94437F5283BB530FCCB344322541C6DD9A0449505079AAFF008F57CA5ABAC436AD9CA52D24CCCDDCDD7C8014436EAF7C57B3A940E0475BFA187EA3A2251315DAC71C72C5E9C776340249516D4ECB6B4CC76E731D6E9D29EE7AAF6757555BCA070D298E80450E715DB5D5F2D7B31DDBA2ED825AD609C6A3C717FD7584C89E91F13F9726676BCC0272C36634F9462F945452C335DCF44FD306ABC1ADADB0A7AE6AD4996E0B668C80D4EE8A63605A08AC93C51E062917F15FB092FB9FEE0F992D3702BE276218530230D47D0E395494E12414B9CB800FC0183D63D85680B493288014093D1C06E78D17B0AAA2EB6FA578E38035CEB53587592BA13946F9661029D2414B3B64FAD46BFA560CF25EE8985C0AA7BDF2FCB7339C7442C07029ED67D5F1C5F3071CDF374D84827A3962DEB2386E6768CE76A981469DA1F9C4856576E838EF2E5DDB41E394765697043B317AA86631D3A8EFC28223365378744E06B5C7A2D5CBD7639B2104509C8103D361BFC2138199C4D526F3D48ABD4EED4D33C7B5846E1371410A671777E601F0CE30B36CA4285147A92743C3B78E51B0B001CDCA7507BA1EB51D122A3573FA610F1132763BB7ECCB3CD29BD2C2802712AD2B9EECF487B649B3A6EA8CB41AE0C34D30D31A441B42DA996C91D2538C3019548CDB4EC29C206CE49C4926A9CF0A8D30ECA0C9AA4B094CE76C2506E942129671D148193B12CE4D053D13BC9898F200D091E3E319CB54921B471E55D31C30EDC4CF23D7D15A7420F10DE108DFCCB2E71BFDCD0C2850A1889E209E514C4A5210A5A2EB8749F789248A68D1348E584E0AE9282FFA86275D707D328BA9D8E9724D41032C8125BAD8B718196DE4E2883759FDECEBBAA2989E03582F327D41B128F461EB272AD0BF7D37727771AE0CF049466AD215252140E05944119D427168C5ED4D9051744B228917AF28024BBD1E8461C239D992A6A1578CD427517925F7100F8C4E5A1F2995C7B8B86ACDC85AD3EF215DA14DF486E7D5F29E07CA20936F941291CF4B0D88271D006C38C569B6F9579F9C47C47DE1BDB38492A5D4BC69BAA0889C7E427B0F943F38AC39B3C0F940BF6D954FB445127E219C31B6CA6FE223DDF9867DB12D4536D058A95FCAEE3FE31C4C4BE325FAD27C5303556D955FB447BA07BC373C255B2574BED118003A4376F8DA83A132F1963FF6FF00F01E51C4C96821956771BD01BBC453996F95D3FB44609F886E8228DAD67643CE4062EA17874860C7B1F8C3C1B93AB27916957560F361B38FFD1CAAFF00E1975FF8C4D284B48094C80121D92129003E2C3018C713769C9BDFC547C5F10CDE2346D1934FB445125EA31AC4DCDDD59458D55D16AFA1DF99AFF4884A5A31E68BF50C38C533B6240C66A0740E7ABC30DAF2329A93D16A6BA40D6C3B71F05B55D35E68BB699718BFB3542E9012535CF37018F74071B6247F307B8D9E3C2286D8DAD2CCA573737A6C96BA540E22F773C6D746DA4F8A3620C33C79CD8F6B2C0E92D67AD5871343167F7E1F995C7F3865953272C4D3A5C9BE78678C2FEFB3F32B8C3FEFC57CEBEF86D685D12F06F6CEB6502EDBFB23844CE810540B9040BC09CDE8EF9C61C6DE57CEAEF8E86DF57CEAEF865912E09BC6DBBA3690A317FF00502BE73C211E50ABF99DDF9405241A7E0D9931CBC63D3CA259A05F70F28E17CA39A2895027A87A30FA92028B7C2364B5000938441ED92FE74C666CFB4AD0AF7E650E5751875B5227B2C852D41281789A002193B127F10F4CB4A1A8B4F55E020AF262D4B2B526EA599DC2DF3FE9DF10ECAE48E0A9E7FD893F5579718D4D9ECE9426EA12120640343509AAC961428504003B06C699254A2272969249B8A6A3D687F41BA0B4B56B8C29D69423DE501D66213B424FF313C627282BB0AE94607977D2B49A7BA948CB427C6327350DE879C6D794694AE62D6082F810527203AF28CADA922ADBF4EAD23964BE4CEF84928A052C6E1969E711287A6FCE2D4C1EA91094FE7879465161D6883B3D718723D7A312737EA90DCD6EFA41A66D67046EF5C61AE9F5FAC49CD7A610E64EEEE102987590807E991F38EABE81F3892E5701DDDD084ADDA642038B0EA447E9EBE7088FD2B5EF8979BDDDC3CE1EE6ED721E70AE2C2A681B6C4D57B903EA7589ECA9AAB1C46BF28D238B6A0BCC61F025BF118B363455747E90D3E44C51A75FDF44D495920475F574B8C2E6BAF3AD62E59ACCEE68123E237456A425C9C4B34732995831C430FD7D3C2687563EE2BA2B897D79D2B5EE8732CFAFD22F2657EACAA77C4DCCF5FF00CAB481A5875205993D5DDE50DCCFAA41612B71FF009529D51D093E199AE3BA36966D407123D53BA1091EA906049F0A3D7E90FECFBC3F586FA41D22B901FD98E9DC3CE10B29D29D5F9C191661D95F95F18EBD986E7AB7BB05203606F62DC73F58C16D85B2DC901254AA3302FBE261661EAEE9946BB90419530362949CB2EAEB8B6356F92392551E06D9DC8D70F34DCD129A9ED380833B3B9372E4AC2C29448C0500ED61583710DAAD489492B98A4A12312A200EF8E84976392C9A140ED8FB6655A52F2D41C3BA5C5E152012064608C3355C330A1428500C0CDA1B165CD515170A3BE94DD012D9C983F0A8F078D3582D699D2D33105D2A008F23BC611D5B275C42D6704A4AB80261250B1E391A3C70CC59C8634C6B8B78429B2FA2E5DAB56DD4C30C44145CA640A170134A3D589343A27EB043947B284A448291754C905B1241402497A827D560CA090F09BEECC94894918289C32D4FE9125E1AF71DDE620DCBD969E912E18FDDC05DC6BA255C2035B5065D4A4B001DD9C1A3835D130928AEACAC6497099C73C35EEDE18F02F1C8B40D7BB00C0FD4B4700176218F665740CF5114276C852A62F9C5128C12904066CCEFE8B40508B0EE3ECD97A46D24ADEEA81660685AAD81CF1EEDF13FB48D7B8EA07D0BC67B68ACD982528ED7625CB1AB45256DB584834ABE5BA0BC71EC8DB8FBB66CA5CF49153DC61F9E46FE118D57282606C2A74D4FE7122B6D4CFBBC215C22BB0F19B7D1B356BB5CB1AF0FCA28CEDB680404A4A83804D332134D718CDDAB6B2CA48E8F08B1B2495A49207F12501FEE989A77418E28B172649478B3549B523E5570108DA91F2AB808BD2EC822CD9F67A4A83871A66775358E5D2CB6B28D88CC524A9166510A49092B2800B5462ABC01219DB37C2B03ED7395250E6414D59894B3E8E09F42356AB6A06A1B2BA72CB08ADB4972A6CB5214A0011C0E46BBE29DABB13E2F573661E76DE0165C31C18547170F0DFF0053815BA5B5A756B02D164750254B4D6AC4B0EA4B81D91CAEC87E750ED1E717D3120E53EE191CAA9799577438E5449D57D597D601FB31C2F93F863B1B3B561D6997E298D5107C8D0A795121BE3CAB5F38911CA8B366A99DF8F18CF7B07DF4E980D5FE14EE8EC6CA7720CB61DCF80A8DF1B4C4D72EC69472B2CDF32DF2E8C7639536638297BFA23C632DFBB0FC2B97D81034FBA351C610D9D33571B803F411B4401AA66D6C3B664CD58424AEF68523B5E91B0E474E4FB44C96EEA12DCF14E14AE3DF1E4B6652D17B0248FBCFD8CDDF1E8FFB3FD9D3136813D6D7572985492E424E7D461D452E82B94BB9E8C0C52DB3250B94B42CA4052487510C0E46BBDA2E3308C96D8B685E2A1B922A40DE04672A1630D5D49F91A94210A52CA1336628BA6F070126EA478F688D3BC79D1988F9BB8C6A3935B41531D24DE0914569F749D60EBD4F91A58E315C30EC287850499E3365DB13502EA262D2344A880FAB031617B626A81499AB293420AC9041C8826A2280B1AB51C23B1635EA381896FF00A3A7663E49CDA09CC9EB27D671D4DB74C57BCB516C1D44F07883D8D7A8EF85EC93354F7C6DFF0041DA8F92636957CC78984673E35F5BE2316299A8EFF38E859266A9E07CE06F7A0ED2F235E18B0787E721C59266A9E07CE1FD8E6EA9E07CE06EFA0A82F27130A55EF2527AC0897DA8E75EBAFD61BD926EA9E07CE3A36299F32781F381BCFC07447C9C2E68352841FF00688E014FC88FC29F2898D8667CC9E07CE1C58667CC9E07CE03C8FC0CA31F257211FCB47E11DD48ED2A48C12915068062303D7130B0AF54F03E70E2C2BD53C0F9C0DC7E0D51F2322D5BE3B36D1BDA1FD8266A9E07CE3A1B3A6B3D1B5BA5BEB02DBEC15A577172939412E44AE7120294B242127BC9CD878889AC16F976991CE2330CA4E6956693EAA2311CBC96533248247B87FB8C4BC90B4DCB2DB0B9C1203620A82920F168AB82D16736B7AE8A2A3D5EBB23833075F77AFCC476318EEE7A6113DC459C1F622E70F50D07E9D90E554A0F5C22512FAB84232CFDDFC3F9C3ACB142BC5264230CFD767A6313483D1982B50295EBFA434B7BCC424F449C08AB8DF16520310C30F5F5812C880B132A5E7D7BDB389A5E46BDFBB7750E312840F9477F9C7684A7E51DFE70DBB117698C2651B1EB7FAB757E211E8BC96DA2A4A251BA14006614560D828B1A107119E91E7C840D077F9C14B16D59B2824214004971414A8567BC3FEB0CB2440F148F60B35BD0BA02CAF9541954C68711BC3888ED7614A82CE641E2CDE11E62BE524F218DC23FA4528050E580E02351C90E502E62662662AF14DD5241C6E937555C480E31782E5162EDC97201DB5CA197679A89643BD5647C00E14CCE6DA7645DB6ED69B2424C898005B92C1241C18D41D7BE309CB79776D8BDE127B824F78835B00199659542AB85692C7EF38EC682D28C54831F94B4B0D8E56DB3E74FE04F943452F66FB8BE23CE1A137516DB5E8AB22DA9343D13DDC62F0802209ECE9CE920E5F4CA39633BE0BE5C4A3CA2E98AABB7A45122F6FC071CFB220B7DA0937461F16FDDD5158409E4A7487C582F9916A55A94145443BB387660306E278C10B35A12BC287438FE701818742C8208C4610B1C8CA64C116B83411C4E9E9407516D353B808E113C5DBD933F9C079938AD578E390D06822B39E9473E2C5ADF25BB45B8A81484DD04339356CE830EB78EA45BCA400A4B814706BDA3F3EC8A40C315C4371D9D4F042AA83F2E6850705C18E6D568084956901EC568BAA6C8FD75F08876BDB0B7409259C871519E3DF16793E3679FF50B6DD04E4ED642B0C41623B5B1C0FE7119B7152810DD1245DDF8173D51985CD2935A926F509A38A24A75CBA9A25936DB979412482CF46F45B5AC41CE7E4961CD52F9728D8D9EDE0D08BA7883DBE6045E13884DDC8FAF08CC4A9D78039182DB3E7DE174E23E917C595DD1D99B0474A947A18FFDA40FB595FF00C67FB8C71C8E0F66B6BFC831DC9985F8B42FDA52BED657F41FEE311F2297F616D1FF008D3F49B1D6FF0019C0BF2150189C4574C59063899DE8E84742398456066D19233393EF8DE0F845849DED4F28AAA574D3519E75C0F944D7DB31EB186601C2B289931025435112056F8DC809D31D1884130E551901A2CCB31A0E47C94AA72DDDD3294A4F58297EE8CC226341FE465A3FEE929F9D2B4714123BC0874C56B8603FDA3CB6B4A55F323E8A57811053F67731E4CC4E931F8A479456FDA74BE94957F583FF00023C623FD9BCCACE4FF42BFB81F08E9EB8CE45C4CDC8021433C344ACAD184062FECC3557678C0D78216253214AEBEE11C715F23D2CDF695EF3B9D493C61EF45654D094B9C840791B5CDFAE04F019468E273B68193EA2389A8B0FDF87BF1005BC385425160A4C98D206F6EF2FF48A97A3BB5A9A5A0757F698AC26087C9D49E07C37ED935F8E4AA22E70470A9913A2D64A85F4875C01B5DAEF29D3D2249C5DEEA717030D69C60D482EB1D703F6D4806612D82413BEAAA76BC5608F3BEB21A9A7E01D69DA04B06296766738E4D91A47762B410BE9354F63BD73EAEF88976904B005817028F875778DD124F9E13289C0B3270C7221BAE1DAE8A8E5C495F8668E4CD829B32674FB0F8462ECB6C52A64B0E5EEBA875D18F718D5ECB574C751F089A8E9923D2DC53C7233DFB4857DB4AFE83FDDFA43721CFD9DB37CB4FF00FA437ED18FDACAFE83FDD11F2257D0B5D69CD0FF00EDE71E8BFC6796BF21108B498AA2274C711DC4861969704477293896C03F781E24F644F3240014436EAD431193BE6DD9BE26E6A2E8A28B6AC1EB1D349DE7E862651A718E523A69043D77F1A44ABF70D2AF8F583E50CE5CD0A97163317891E159EB8E18D5F0ECC498ED680061902FBC9C34E03280E74E82A16AC8CAE173913F362F35DA15206268142B9BC56942BAD09EB6048EF10239135669429D0E66414E4CCFBB6B905DBED123B146EF8C5112D34A6395716C98D3235D7744122614A92A188208EC38C153BB34A15C7934DFB4B9079841CD33003DA140F78119DFD9D4D6B4AD3ACB3DCA49F38D3F2D6699B6653D697C921BA5534386A630FC8F9F72D92BEF129E20B476E29A9C1A470658384D367AB930A3878685A1CC2BC5B5ADA41DFE25A05899166D937ECD2352070AF8472C1753BF2BE8BD8236CDA72AD2AD0104C24DE0FDBC62E6D860ACE2B6CEB22A600F83D4EB1D70A8C0F2F2C67932B5DECD16CA9AF2D3D516D4A8A924048006023BBF51D6238DD367AF1F8C127E0B3B7EDC10119E34E119E99B5D6F8B42E51ABED1F54F9881816E3D651D6B1A7C9E3CB2E4BD29D2085A768AEEB5E3BCE712ECEB7D58A897D728143078B3B3D151EAB1A708E9298A53D699A9B34CE90887682BED15FD206ECE39B34CE903EB03115A94EB5767D047325513B5C94E5FC02D366178800D2AFBE39DA12DA580722384112620B5A1D2DDBF587527A9593D88C612AF62D920296564641B71DD1A7D9533A7D87C233DB3C04A7B7E9482BB3ED002DC9A31FA88597331E1F0C3C943977295327484A43950501C477452E4C82116B49A284B008D194417EA8376DE9DAD047C12C87DEA397603C609EC7D92954E2D43345C2779FCE3BBF4D1E7FEAB014CD9A528BEE3005BAEEEEFBFDD13CBD9EABA14E2A9BDDC4F846AD7C8EB62A514144B1D148079C195C77176BEEEB9C54B6EC4B5489602A5A08019C2DF2507C3EF77445460DF2535CA8042C2A19870FAE57BFC4C3AAC2AA9BC33ED6BDFE3DF170AE6D7A29ABE7FD5BBEF425F3C7E1467F16B7FFCFBA1F6B1F81777279FF00DB6ECF294DEBC3A246B92C27C63B4D8C945E7A33F0BDFE262E5A91396929294877CF5215E10A5C89B72EDDC887BC33BFF00E5DD01E28DF41B7655CBE4A966B2AAE8214D4C1CBD1C353ABBE24F6239A863BF56F2E313D952B48019C027E21F30FF0013C626969586E89CBE34E573FC3BE0AC30EEB903CD93B307AACEA157776C1F3BBBBEF0E1104D4949F755D6029B07A53D3182BD301AE1D3119003C0425295F21CC629C3A607F77741DAC7E05DEC9E40866AB0BB31CFDD56FC4B36463A9D2D490EA49032346CE9438D0C1D0B25FECD471F8939DFFF003EE882DA8706F4A50738DE1ABE3DAA81B5036F64094F9DCF6CD59CC217C5209F08F3CD9AB299D25641039C4D5A85942F57A88E31E8FB3A41F6532D4C1D2527023A40A5E9EAB15AD5B1659B32640A1407428E2162B78EAE71EB8D8DD2A0CF97C1A07851D49B526E875105B06851B4FB36B7E0F3689EDBF0F5F8187851CB1E8CEF97DD106DBD20B3C2D99FC31D67EB0A143BFC6845F99969E12311D70A144D1797460CDAFEF1ECF18169C61428EB8F43CD9FDDFEC76318BD64351D63EB0A144E7D0B63E8C2720D7B7C21A662AEB1F4850A27FA44C1F77F7D1C1C210850A15F53A97DAFF9229069C7EB166C67A7D90A143AFB99CF93F020ADB3197FD09FAC5ABC40A16850A3B5F538E3D0D558D4758BAA984E24E79C34286621D26CE86F713C047332CE8F953C04342820191253F28E021932C0C87087850B20AEA4A6424D4A524EF0226459D0FEE2780850A0A33E8589367437BA9E023B5CA4D3A2380850A1BB0A772E525B01C2239F25247BA380850A33E80EE00E562009058014387518F3ED8D69595315A8F593A8850A2532D1E86B52690A14289143FFD9,1);
/*!40000 ALTER TABLE `property` ENABLE KEYS */;


--
-- Definition of table `user`
--

DROP TABLE IF EXISTS `user`;
CREATE TABLE `user` (
  `user_id` int(10) unsigned NOT NULL auto_increment,
  `user_type_id` int(10) unsigned NOT NULL,
  `fname` varchar(15) NOT NULL,
  `lname` varchar(15) NOT NULL,
  `uname` varchar(15) NOT NULL,
  `password` varchar(20) NOT NULL,
  `email` varchar(30) NOT NULL,
  `gender` varchar(8) NOT NULL,
  `phone_no` varchar(25) NOT NULL,
  `address` varchar(45) NOT NULL,
  PRIMARY KEY  (`user_id`),
  KEY `FK_user_user_type_id` (`user_type_id`),
  CONSTRAINT `FK_user_user_type_id` FOREIGN KEY (`user_type_id`) REFERENCES `user_type` (`user_type_id`)
) ENGINE=InnoDB DEFAULT CHARSET=latin1;

--
-- Dumping data for table `user`
--

/*!40000 ALTER TABLE `user` DISABLE KEYS */;
INSERT INTO `user` (`user_id`,`user_type_id`,`fname`,`lname`,`uname`,`password`,`email`,`gender`,`phone_no`,`address`) VALUES 
 (1,1,'Tanveer','Hasan','Admin','admin','abc@gmail.com','Male','01745344300','Gazipur'),
 (2,2,'Reaz','Khan','Reaz','reaz','def@gmail.com','Male','01745896520','Uttara'),
 (3,3,'Reza','Hoque','Reza','reza','ghi@gmail.com','Male','01921362514','Uttara'),
 (4,4,'Sharmin','Sultana','Demo','demo','jkl@gmail.com','Female','01678251436','Uttara'),
 (5,3,'Rakibul','Hasan','Rakib','rakib','mno@gmail.com','Male','01823659865','Banani'),
 (6,4,'Tamim','Iqbal','Tamim','tamim','pqr@gmail.com','Male','01965321425','Uttara');
/*!40000 ALTER TABLE `user` ENABLE KEYS */;


--
-- Definition of table `user_type`
--

DROP TABLE IF EXISTS `user_type`;
CREATE TABLE `user_type` (
  `user_type_id` int(10) unsigned NOT NULL auto_increment,
  `user_type` varchar(15) NOT NULL,
  PRIMARY KEY  (`user_type_id`)
) ENGINE=InnoDB DEFAULT CHARSET=latin1;

--
-- Dumping data for table `user_type`
--

/*!40000 ALTER TABLE `user_type` DISABLE KEYS */;
INSERT INTO `user_type` (`user_type_id`,`user_type`) VALUES 
 (1,'Admin'),
 (2,'Seller'),
 (3,'Buyer'),
 (4,'Visitor');
/*!40000 ALTER TABLE `user_type` ENABLE KEYS */;




/*!40101 SET SQL_MODE=@OLD_SQL_MODE */;
/*!40014 SET FOREIGN_KEY_CHECKS=@OLD_FOREIGN_KEY_CHECKS */;
/*!40014 SET UNIQUE_CHECKS=@OLD_UNIQUE_CHECKS */;
/*!40101 SET CHARACTER_SET_CLIENT=@OLD_CHARACTER_SET_CLIENT */;
/*!40101 SET CHARACTER_SET_RESULTS=@OLD_CHARACTER_SET_RESULTS */;
/*!40101 SET COLLATION_CONNECTION=@OLD_COLLATION_CONNECTION */;
/*!40101 SET CHARACTER_SET_CLIENT=@OLD_CHARACTER_SET_CLIENT */;
